image(1).png,109
image(2).png,126
image(3).png,175
image(4).png,115
image(5).png,134
image(6).png,75
image(7).png,222
image(8).png,250
image(9).png,222
image(10).png,237
image(11).png,338
image(12).png,371
image(13).png,98
image(14).png,297
image(15).png,223
image(16).png,81
image(17).png,315
image(18).png,24
image(19).png,378
image(20).png,237
image(21).png,108
image(22).png,125
image(23).png,135
image(24).png,159
image(25).png,216
image(26).png,213
image(27).png,188
image(28).png,88
image(29).png,237
image(30).png,241
image(31).png,321
image(32).png,163
image(33).png,241
image(34).png,262
image(35).png,286
image(36).png,235
image(37).png,311
image(38).png,64
image(39).png,327
image(40).png,284
image(41).png,281
image(42).png,89
image(43).png,80
image(44).png,133
image(45).png,131
image(46).png,166
image(47).png,77
image(48).png,24
image(49).png,184
image(50).png,189
image(51).png,180
image(52).png,139
image(53).png,172
image(54).png,274
image(55).png,284
image(56).png,238
image(57).png,281
image(58).png,280
image(59).png,274
image(60).png,309
image(61).png,233
image(62).png,251
image(63).png,137
image(64).png,306
image(65).png,334
image(66).png,292
image(67).png,308
image(68).png,270
image(69).png,462
image(70).png,367
image(71).png,62
image(72).png,110
image(73).png,97
image(74).png,57
image(75).png,91
image(76).png,59
image(77).png,7
image(78).png,103
image(79).png,110
image(80).png,117
image(81).png,138
image(82).png,160
image(83).png,122
image(84).png,44
image(85).png,210
image(86).png,155
image(87).png,142
image(88).png,145
image(89).png,140
image(90).png,165
image(91).png,150
image(92).png,269
image(93).png,221
image(94).png,208
image(95).png,221
image(96).png,238
image(97).png,263
image(98).png,245
image(99).png,103
image(100).png,214
